bioguide_id,crp_id,name,data_year,net_low,net_high,positions_held,asset_count,asset_low,asset_high,transaction_count,tx_low,tx_high
M000087,N00000078,"Maloney, Carolyn B",2016,10313048,46744999,,46,11313048,47245000,0,0,0
C000380,N00000133,"Christian-Christensen, Donna",2016,,,,0,0,0,0,0,0
N000015,N00000153,"Neal, Richard E",2016,133008,397000,,8,133008,397000,0,0,0
M000312,N00000179,"McGovern, James P",2016,1134009,5411000,,9,1134009,5411000,0,0,0
K000148,N00000245,"Kerry, John",2016,,,,0,0,0,0,0,0
C001037,N00000267,"Capuano, Michael E",2016,1882044,4406000,,42,1882044,4406000,0,0,0
M000133,N00000270,"Markey, Ed",2016,1137019,2681000,,18,1137019,2681000,0,0,0
R000122,N00000362,"Reed, Jack",2016,-385874,2064998,,68,364126,2415000,4,200004,400000
C001035,N00000491,"Collins, Susan M",2016,1908091,5412000,,99,1908091,5412000,1,15001,50000
S000033,N00000528,"Sanders, Bernie",2016,-137936,1883998,,38,612064,2234000,22,22022,330000
L000557,N00000575,"Larson, John B",2016,-62954,513999,,46,37046,564000,24,0,0
D000216,N00000615,"DeLauro, Rosa L",2016,5437010,26391996,,9,5682010,26482000,0,0,0
L000123,N00000659,"Lautenberg, Frank",2016,,,,0,0,0,0,0,0
F000372,N00000684,"Frelinghuysen, Rodney",2016,28038326,89496000,,207,28038326,89496000,0,0,0
M000639,N00000699,"Menendez, Robert",2016,217005,629999,,5,317005,680000,0,0,0
G000548,N00000743,"Garrett, Scott",2016,262010,681000,,10,262010,681000,0,0,0
P000096,N00000751,"Pascrell, Bill Jr",2016,2691040,8994000,,33,2691040,8994000,0,0,0
P000034,N00000781,"Pallone, Frank Jr",2016,1434124,4484000,,102,1449124,4494000,0,0,0
A000210,N00000826,"Andrews, Robert E",2016,,,,0,0,0,0,0,0
L000554,N00000851,"LoBiondo, Frank",2016,104106,2214998,,67,454106,2365000,0,0,0
H001032,N00000860,"Holt, Rush",2016,,,,0,0,0,0,0,0
L000567,N00000898,"Lance, Leonard",2016,2123064,5499000,,64,2123064,5499000,8,316008,716000
N000002,N00000939,"Nadler, Jerrold",2016,-261997,-65001,,3,3003,45000,0,0,0
R000053,N00000964,"Rangel, Charles B",2016,0,0,,0,0,0,0,0,0
E000179,N00001003,"Engel, Eliot L",2016,-182995,119999,,5,82005,230000,0,0,0
L000480,N00001024,"Lowey, Nita M",2016,10946020,49015000,,17,10946020,49015000,0,0,0
S000148,N00001093,"Schumer, Charles E",2016,507043,1705000,,27,507043,1705000,0,0,0
C001038,N00001127,"Crowley, Joseph",2016,265041,1076000,,27,265041,1076000,0,0,0
M000309,N00001148,"McCarthy, Carolyn",2016,,,,0,0,0,0,0,0
M001137,N00001171,"Meeks, Gregory W",2016,0,0,,0,0,0,0,0,0
K000210,N00001193,"King, Pete",2016,250003,600000,,3,250003,600000,0,0,0
C001092,N00001285,,2016,43520030,129275000,,30,43520030,129275000,7,496007,1165000
S000480,N00001311,"Slaughter, Louise M",2016,1093021,2545000,,20,1093021,2545000,0,0,0
D000482,N00001373,"Doyle, Mike",2016,60005,399999,,5,160005,450000,0,0,0
S001162,N00001579,"Schwartz, Allyson",2016,,,,0,0,0,0,0,0
B001227,N00001619,"Brady, Robert A",2016,1550006,3101000,,5,1550006,3101000,0,0,0
P000373,N00001633,"Pitts, Joe",2016,869010,1811000,,10,869010,1811000,0,0,0
R000361,N00001685,"Rockefeller, Jay",2016,,,,0,0,0,0,0,0
L000261,N00001691,"Levin, Carl",2016,,,,0,0,0,0,0,0
N000147,N00001692,"Norton, Eleanor Holmes",2016,1131036,2841000,,32,1131036,2841000,0,0,0
F000043,N00001746,"Fattah, Chaka",2016,100001,250000,,1,100001,250000,0,0,0
G000386,N00001758,"Grassley, Chuck",2016,1928073,5047000,,58,1928073,5047000,41,83041,720000
D000355,N00001783,"Dingell, John D",2016,,,,0,0,0,0,0,0
S000583,N00001811,"Smith, Lamar",2016,3013073,7045000,,72,3013073,7045000,0,0,0
S000248,N00001813,"Serrano, Jose E",2016,50001,100000,,1,50001,100000,0,0,0
H000874,N00001821,"Hoyer, Steny H",2016,50003,102000,,3,50003,102000,0,0,0
M000702,N00001945,"Mikulski, Barbara A",2016,241016,791000,,17,241016,791000,0,0,0
C000141,N00001955,"Cardin, Ben",2016,1454106,4540000,,90,1454106,4540000,77,414077,1910000
C000984,N00001971,"Cummings, Elijah E",2016,244014,2125998,,14,1259014,2636000,0,0,0
M000933,N00002083,"Moran, Jim",2016,,,,0,0,0,0,0,0
S000185,N00002147,"Scott, Bobby",2016,0,0,,0,0,0,0,0,0
R000011,N00002198,"Rahall, Nick",2016,,,,0,0,0,0,0,0
B001135,N00002221,"Burr, Richard",2016,3269284,4797278,,9,3269284,4797278,0,0,0
C000556,N00002247,"Coble, Howard",2016,,,,0,0,0,0,0,0
P000523,N00002260,"Price, David",2016,1916088,5267000,,84,1916088,5267000,0,0,0
J000255,N00002299,"Jones, Walter B Jr",2016,423019,1027000,,19,423019,1027000,0,0,0
M000485,N00002356,"McIntyre, Mike",2016,,,,0,0,0,0,0,0
C000537,N00002408,"Clyburn, James E",2016,197009,532000,,7,197009,532000,0,0,0
S000051,N00002424,,2016,2556027,9239999,,26,3056027,9490000,0,0,0
L000287,N00002577,"Lewis, John",2016,1005,19000,,2,1005,19000,0,0,0
I000055,N00002593,"Isakson, Johnny",2016,9705023,40601000,,24,9705023,40601000,0,0,0
K000220,N00002656,"Kingston, Jack",2016,,,,0,0,0,0,0,0
B000490,N00002674,"Bishop, Sanford",2016,-362994,105996,,6,152006,331000,0,0,0
C000286,N00002685,"Chambliss, Saxby",2016,,,,0,0,0,0,0,0
B000911,N00002713,"Brown, Corrine",2016,0,0,,0,0,0,0,0,0
M000689,N00002793,"Mica, John L",2016,0,0,,0,0,0,0,0,0
R000435,N00002858,"Ros-Lehtinen, Ileana",2016,253005,546000,,4,253005,546000,0,0,0
H000324,N00002884,"Hastings, Alcee L",2016,-7348999,-2115006,,1,1001,15000,0,0,0
F000462,N00002893,,2016,0,0,,0,0,0,0,0,0
C001111,N00002942,,2016,877023,2080000,,19,877023,2080000,0,0,0
A000055,N00003028,"Aderholt, Robert B",2016,1176021,7150998,,16,2226021,7666000,0,0,0
S001141,N00003062,"Sessions, Jeff",2016,2188056,9444998,,47,2938056,9795000,0,0,0
B001243,N00003105,"Blackburn, Marsha",2016,-681986,119997,,11,168014,520000,0,0,0
C000754,N00003132,"Cooper, Jim",2016,12285055,49251000,,51,12285055,49251000,7,4007,63000
D000533,N00003209,"Duncan, John J Jr",2016,0,0,,0,0,0,0,0,0
C001068,N00003225,"Cohen, Steve",2016,3050107,7877000,,89,3050107,7877000,0,0,0
C000567,N00003328,"Cochran, Thad",2016,-3000000,-1500004,,0,0,0,8,234008,660000
M000355,N00003389,"McConnell, Mitch",2016,10436071,42920000,,65,10436071,42920000,45,1862045,7305000
R000395,N00003473,"Rogers, Hal",2016,0,0,,0,0,0,0,0,0
K000009,N00003522,"Kaptur, Marcy",2016,-165985,369998,,15,134015,485000,0,0,0
B000944,N00003535,"Brown, Sherrod",2016,367005,830000,,5,367005,830000,1,250001,500000
B000589,N00003675,"Boehner, John",2016,,,,0,0,0,0,0,0
P000449,N00003682,"Portman, Rob",2016,8581118,25154000,,93,8581118,25154000,100,1837100,5180000
C000266,N00003689,"Chabot, Steve",2016,559027,1486000,,27,559027,1486000,0,0,0
C000542,N00003845,"Coats, Dan",2016,6593062,17512000,,75,6593062,17512000,0,0,0
L000263,N00003950,"Levin, Sander",2016,3363493,3398492,,20,3363493,3398492,0,0,0
C000714,N00004029,"Conyers, John Jr",2016,0,0,,0,0,0,0,0,0
S000770,N00004118,"Stabenow, Debbie",2016,15001,50000,,1,15001,50000,0,0,0
H000206,N00004207,"Harkin, Tom",2016,,,,0,0,0,0,0,0
L000111,N00004227,"Latham, Tom",2016,,,,0,0,0,0,0,0
S000244,N00004291,"Sensenbrenner, Jim",2016,0,0,,0,0,0,0,0,0
R000570,N00004357,"Ryan, Paul",2016,2866080,10040000,,65,2866080,10040000,0,0,0
B001230,N00004367,"Baldwin, Tammy",2016,517004,1080000,,4,517004,1080000,0,0,0
K000188,N00004403,"Kind, Ron",2016,817021,2406998,,13,1167021,2557000,0,0,0
P000265,N00004426,"Petri, Tom",2016,,,,0,0,0,0,0,0
K000363,N00004436,"Kline, John",2016,-1174973,10997,,21,125027,626000,0,0,0
P000258,N00004558,"Peterson, Collin",2016,652008,2530998,,8,1402008,2881000,0,0,0
C001096,N00004614,,2016,318016,945000,,16,318016,945000,0,0,0
B000243,N00004643,"Baucus, Max",2016,,,,0,0,0,0,0,0
R000580,N00004719,"Roskam, Peter",2016,285047,1225000,,26,285047,1225000,0,0,0
S001145,N00004724,"Schakowsky, Jan",2016,0,0,,0,0,0,0,0,0
G000535,N00004874,"Gutierrez, Luis V",2016,662022,1556000,,22,662022,1556000,202,2569202,6675000
D000096,N00004884,"Davis, Danny K",2016,121012,394000,,11,121012,394000,0,0,0
R000515,N00004887,"Rush, Bobby L",2016,50001,399998,,1,250001,500000,0,0,0
S000364,N00004961,"Shimkus, John",2016,151007,1279998,,7,731007,1565000,0,0,0
D000563,N00004981,"Durbin, Dick",2016,1942829,1942829,,18,1942829,1942829,0,0,0
E000172,N00005090,"Emerson, Jo Ann",2016,,,,0,0,0,0,0,0
B000575,N00005195,"Blunt, Roy",2016,1598021,8294998,,21,2698021,8845000,0,0,0
M000934,N00005282,"Moran, Jerry",2016,1796056,4643999,,44,1896056,4694000,0,0,0
R000307,N00005285,"Roberts, Pat",2016,2044028,4594000,,34,2044028,4594000,0,0,0
A000373,N00005293,,2016,0,0,,0,0,0,0,0,0
L000550,N00005395,"Landrieu, Mary L",2016,,,,0,0,0,0,0,0
L000491,N00005559,"Lucas, Frank D",2016,507014,2204996,,12,1137014,2455000,0,0,0
I000024,N00005582,"Inhofe, James M",2016,4568041,12846000,,40,4568041,12846000,0,0,0
C000560,N00005601,"Coburn, Tom",2016,,,,0,0,0,0,0,0
H000067,N00005645,"Hall, Ralph",2016,,,,0,0,0,0,0,0
B000213,N00005656,"Barton, Joe",2016,217006,714998,,4,367006,780000,0,0,0
S000250,N00005681,"Sessions, Pete",2016,427084,3429997,,76,1277084,3830000,0,0,0
B001291,N00005736,,2016,1017092,3387000,,90,1017092,3387000,16,16,16000
J000032,N00005818,"Jackson Lee, Sheila",2016,0,0,,0,0,0,0,0,0
G000410,N00005870,"Green, Gene",2016,0,0,,0,0,0,0,0,0
B000755,N00005883,"Brady, Kevin",2016,371026,1175999,,22,421026,1191000,0,0,0
S000937,N00005918,,2016,,,,0,0,0,0,0,0
H000636,N00006008,"Hinojosa, Ruben",2016,0,0,,0,0,0,0,0,0
D000399,N00006023,"Doggett, Lloyd",2016,12827059,36529999,,57,13327059,36780000,40,608040,1493000
D000197,N00006134,"DeGette, Diana",2016,1445051,4299999,,44,1695051,4400000,52,676052,1904000
B001261,N00006236,"Barrasso, John A",2016,3198015,12696000,,16,3198015,12696000,0,0,0
E000285,N00006249,"Enzi, Mike",2016,484033,1586000,,31,484033,1586000,24,349024,1135000
S001148,N00006263,"Simpson, Mike",2016,606039,2726997,,36,1256039,3042000,0,0,0
C000880,N00006267,"Crapo, Mike",2016,692038,1930000,,24,692038,1930000,16,16016,240000
P000099,N00006397,"Pastor, Ed",2016,,,,0,0,0,0,0,0
K000352,N00006406,"Kyl, Jon",2016,,,,0,0,0,0,0,0
F000448,N00006423,"Franks, Trent",2016,11100004,55250000,,2,11100004,55250000,0,0,0
M000303,N00006424,"McCain, John",2016,1606125,27916000,,132,17906125,31531006,219,8252219,26055000
S000018,N00006446,,2016,0,0,,0,0,0,0,0,0
R000486,N00006671,"Roybal-Allard, Lucille",2016,712009,1714999,,7,762009,1730000,0,0,0
B000711,N00006692,"Boxer, Barbara",2016,1133008,5346000,,8,1133008,5346000,0,0,0
N000179,N00006789,"Napolitano, Grace",2016,0,0,,0,0,0,0,0,0
H001063,N00006806,"Hahn, Janice",2016,-232985,529999,,15,267015,780000,0,0,0
M001177,N00006863,"McClintock, Tom",2016,-80995,59999,,5,19005,110000,0,0,0
M000508,N00006882,"McKeon, Buck",2016,,,,0,0,0,0,0,0
S000344,N00006897,"Sherman, Brad",2016,699015,6160998,,8,1699015,6661000,3,84478,84478
M001139,N00006954,"Miller, Gary",2016,,,,0,0,0,0,0,0
I000056,N00007017,"Issa, Darrell",2016,163165026,484400000,,26,313165027,584400003,0,0,0
C000059,N00007099,"Calvert, Ken",2016,-1799985,10599993,,15,4400015,12100000,0,0,0
R000409,N00007151,"Rohrabacher, Dana",2016,-1049999,-295004,,1,100001,250000,1,1,1000
C001036,N00007232,"Capps, Lois",2016,0,0,,0,0,0,0,0,0
N000181,N00007248,"Nunes, Devin",2016,101003,215000,,3,101003,215000,0,0,0
F000030,N00007312,"Farr, Sam",2016,0,0,,0,0,0,0,0,0
E000215,N00007335,"Eshoo, Anna",2016,0,0,,0,0,0,0,0,0
P000197,N00007360,"Pelosi, Nancy",2016,-21225953,138050987,,44,32824047,150016000,0,0,0
F000062,N00007364,"Feinstein, Dianne",2016,60453077,143830014,,71,60453077,143830014,0,0,0
M000725,N00007390,"Miller, George",2016,,,,0,0,0,0,0,0
L000397,N00007479,"Lofgren, Zoe",2016,1105041,4324998,,40,2105041,4825000,0,0,0
F000010,N00007632,"Faleomavaega, Eni F H",2016,,,,0,0,0,0,0,0
R000600,N00007635,,2016,46018,340000,,18,46018,340000,0,0,0
B000574,N00007727,"Blumenauer, Earl",2016,3972045,15927995,,42,4922045,16358000,0,0,0
D000191,N00007781,"DeFazio, Peter",2016,326022,1427998,,20,626022,1543000,0,0,0
S000510,N00007833,"Smith, Adam",2016,-314988,310998,,10,235012,576000,0,0,0
C000127,N00007836,"Cantwell, Maria",2016,1101011,5476999,,13,1151011,5492000,2,2002,30000
M001111,N00007876,"Murray, Patty",2016,804019,1985000,,18,804019,1985000,39,1814039,4435000
J000174,N00008028,"Johnson, Sam",2016,-82997,49998,,3,17003,80000,0,0,0
L000551,N00008046,"Lee, Barbara",2016,-659983,87997,,17,140017,453000,0,0,0
C000071,N00008086,"Camp, Dave",2016,,,,0,0,0,0,0,0
B000013,N00008091,"Bachus, Spencer",2016,,,,0,0,0,0,0,0
J000126,N00008122,"Johnson, Eddie Bernice",2016,266003,964999,,3,516003,1065000,0,0,0
R000487,N00008264,"Royce, Ed",2016,-1324982,325997,,17,425018,1176000,0,0,0
S000030,N00008274,"Sanchez, Loretta",2016,601004,5015999,,4,1101004,5266000,0,0,0
G000377,N00008799,"Granger, Kay",2016,245012,2134997,,3,1045012,2500000,1,100001,250000
G000289,N00009154,"Goodlatte, Bob",2016,2122046,4905000,,16,2122046,4905000,2,1,1000
H000329,N00009157,"Hastings, Doc",2016,,,,0,0,0,0,0,0
F000444,N00009573,"Flake, Jeff",2016,-117992,981998,,8,632008,1332000,0,0,0
S001150,N00009585,"Schiff, Adam",2016,-186975,1570998,,26,1063025,2171000,0,0,0
D000598,N00009604,"Davis, Susan",2016,677045,3504998,,37,1677045,4005000,0,0,0
S001176,N00009660,"Scalise, Steve",2016,-800000,-365003,,0,0,0,0,0,0
R000572,N00009668,"Rogers, Mike",2016,-628984,1304996,,2,886016,2015000,0,0,0
L000559,N00009724,"Langevin, Jim",2016,-1156977,2870989,,23,1908023,4346000,0,0,0
C001048,N00009738,"Culberson, John",2016,0,0,,0,0,0,0,0,0
M001142,N00009753,"Matheson, Jim",2016,,,,0,0,0,0,0,0
L000560,N00009759,"Larsen, Rick",2016,-439981,209998,,17,110019,475000,0,0,0
C001047,N00009771,"Capito, Shelley Moore",2016,1395137,5536997,,112,1810137,5712000,6,515006,1300000
B000287,N00009774,"Becerra, Xavier",2016,0,0,,0,0,0,0,0,0
M001150,N00009795,"Miller, Candice S",2016,782012,1980000,,8,782012,1980000,0,0,0
S000522,N00009816,"Smith, Chris",2016,-40416,109583,,2,209584,209584,0,0,0
M000404,N00009829,"McDermott, Jim",2016,0,0,,0,0,0,0,0,0
H000338,N00009869,"Hatch, Orrin G",2016,1758040,7124000,,40,1758040,7124000,12,26012,215000
A000360,N00009888,"Alexander, Lamar",2016,-11798868,90466985,,80,26001132,98867000,82,1308082,3970000
L000174,N00009918,"Leahy, Patrick",2016,154007,360000,,5,154007,360000,0,0,0
S000320,N00009920,"Shelby, Richard C",2016,3233014,12746000,,14,3233014,12746000,0,0,0
R000146,N00009922,"Reid, Harry",2016,3044043,6480000,,62,3044043,6480000,0,0,0
N000032,N00009926,"Nelson, Bill",2016,1309033,6035000,,25,1309033,6035000,32,32032,480000
G000359,N00009975,"Graham, Lindsey",2016,389059,2152999,,49,654059,2263000,2,30002,100000
J000177,N00010084,"Johnson, Tim",2016,,,,0,0,0,0,0,0
L000566,N00012233,"Latta, Robert E",2016,1744044,4310000,,32,1744044,4310000,0,0,0
C001049,N00012460,"Clay, William L Jr",2016,0,0,,0,0,0,0,0,0
C000174,N00012508,"Carper, Tom",2016,7840438,22480999,,248,8090438,22581000,72,464072,2060000
K000360,N00012539,"Kirk, Mark",2016,5005,75000,,4,5005,75000,0,0,0
M001189,N00012546,,2016,-617959,1089997,,37,497041,1630000,12,1012,26000
H001034,N00012611,"Honda, Mike",2016,0,0,,0,0,0,0,0,0
P000588,N00012672,"Pearce, Steve",2016,7548016,36396000,,16,7548016,36396000,0,0,0
C001045,N00012739,"Crenshaw, Ander ",2016,0,0,,0,0,0,0,0,0
M001143,N00012942,"McCollum, Betty",2016,-710989,-115002,,11,39011,235000,0,0,0
C001046,N00013131,"Cantor, Eric",2016,,,,0,0,0,0,0,0
G000546,N00013323,"Graves, Sam",2016,-3453491,5500496,,10,1761509,6590500,0,0,0
I000057,N00013345,"Israel, Steve",2016,0,0,,0,0,0,0,0,0
S001154,N00013770,"Shuster, Bill",2016,216035,891000,,35,216035,891000,1,1,1000
F000445,N00013799,"Forbes, Randy",2016,0,0,,0,0,0,0,0,0
P000597,N00013817,"Pingree, Chellie",2016,3550005,16100000,,5,3550005,16100000,0,0,0
P000590,N00013823,"Pryor, Mark",2016,,,,0,0,0,0,0,0
M001144,N00013846,"Miller, Jeff",2016,0,0,,0,0,0,0,0,0
L000562,N00013855,"Lynch, Stephen F",2016,241018,1902997,,18,1041018,2268000,0,0,0
B001236,N00013873,"Boozman, John",2016,1192076,4004999,,76,1442076,4105000,0,0,0
N000127,N00021207,,2016,0,0,,0,0,0,0,0,0
C001077,N00024753,"Coffman, Mike",2016,163010,734999,,4,278010,795000,3,1003,17000
R000575,N00024759,"Rogers, Mike D",2016,0,0,,0,0,0,0,0,0
G000550,N00024760,"Gingrey, Phil",2016,,,,0,0,0,0,0,0
M001149,N00024770,"Michaud, Mike",2016,,,,0,0,0,0,0,0
J000300,N00024817,,2016,-129955,2149997,,8,1070045,2750000,0,0,0
C001069,N00024842,"Courtney, Joe",2016,102023,755998,,22,267023,831000,0,0,0
C001056,N00024852,"Cornyn, John",2016,484023,1270999,,17,534023,1286000,4,18004,95000
B001245,N00024866,"Bordallo, Madeleine Z",2016,3166008,12415000,,7,3166008,12415000,0,0,0
S001156,N00024870,"Sanchez, Linda",2016,-170971,1287997,,26,679029,1688000,0,0,0
S001157,N00024871,"Scott, David",2016,401004,5014998,,3,1151004,5365000,0,0,0
H001036,N00024922,"Hensarling, Jeb",2016,-572938,1531998,,61,677062,2132000,0,0,0
C001063,N00024978,"Cuellar, Henry",2016,-349982,1316996,,17,765018,1827000,0,0,0
M001151,N00024992,"Murphy, Tim",2016,353045,1370000,,25,353045,1370000,59,16059,283000
G000549,N00025025,"Gerlach, Jim",2016,,,,0,0,0,0,0,0
C001051,N00025095,"Carter, John",2016,615003,5099998,,3,1115003,5300000,0,0,0
B001248,N00025219,"Burgess, Michael",2016,0,0,,0,0,0,0,0,0
K000362,N00025237,"King, Steven A",2016,210030,802000,,18,210030,802000,0,0,0
R000577,N00025280,"Ryan, Tim",2016,-115990,396998,,9,184010,512000,1,50001,100000
G000551,N00025284,"Grijalva, Raul M",2016,0,0,,0,0,0,0,0,0
B001250,N00025292,"Bishop, Rob",2016,-33998,49999,,2,16002,65000,0,0,0
B001244,N00025330,"Bonner, Jo",2016,,,,0,0,0,0,0,0
D000600,N00025337,"Diaz-Balart, Mario",2016,-689975,31998,,14,60025,382000,0,0,0
B001242,N00025413,"Bishop, Timothy H",2016,,,,0,0,0,0,0,0
K000392,N00025445,,2016,1025095,3907996,,80,1475095,4088000,0,0,0
A000361,N00025464,"Alexander, Rodney",2016,,,,0,0,0,0,0,0
R000576,N00025482,"Ruppersberger, Dutch",2016,-296972,2534997,,27,1468028,3395000,0,0,0
B001269,N00025495,"Barletta, Lou",2016,-4548937,2126995,,37,1351063,3542000,0,0,0
C001053,N00025726,"Cole, Tom",2016,2917061,6831000,,53,2917061,6831000,0,0,0
H001050,N00025881,"Hanabusa, Colleen",2016,1196010,2714999,,5,1296010,2765000,0,0,0
C001062,N00026041,"Conaway, Mike",2016,0,0,,0,0,0,0,0,0
N000182,N00026043,"Neugebauer, Randy",2016,0,0,,0,0,0,0,0,0
M001153,N00026050,"Murkowski, Lisa",2016,801022,2116999,,16,901022,2167000,6,62006,230000
B001252,N00026080,"Barrow, John",2016,,,,0,0,0,0,0,0
G000552,N00026148,"Gohmert, Louis B Jr",2016,0,0,,0,0,0,0,0,0
P000591,N00026160,"Price, Tom",2016,7026264,21100000,,186,7026264,21100000,0,0,0
F000450,N00026166,"Foxx, Virginia",2016,2206044,5066000,,41,2206044,5066000,0,0,0
D000604,N00026171,"Dent, Charlie",2016,0,0,,0,0,0,0,0,0
M001159,N00026314,"Rodgers, Cathy McMorris",2016,106026,2314996,,14,1206026,2815000,0,0,0
C001059,N00026341,"Costa, Jim",2016,1853029,7820999,,28,2353029,8071000,0,0,0
K000389,N00026427,,2016,,,,0,0,0,0,0,0
P000592,N00026457,"Poe, Ted",2016,533017,1719999,,14,783017,1820000,0,0,0
M001157,N00026460,"McCaul, Michael",2016,0,0,,0,0,0,0,0,0
D000607,N00026586,"Donnelly, Joe",2016,-262988,1205998,,10,737012,1706000,0,0,0
B001255,N00026595,"Boustany, Charles Jr",2016,0,0,,0,0,0,0,0,0
M001156,N00026627,"McHenry, Patrick",2016,-770986,445996,,13,379014,1011000,0,0,0
F000449,N00026631,"Fortenberry, Jeff",2016,-1048988,23999993,,12,5166012,25540000,0,0,0
G000553,N00026686,"Green, Al",2016,2450013,8300000,,12,2450013,8300000,3,150003,300000
M001158,N00026710,"Marchant, Kenny",2016,15054732,34266710,,42,16404732,34916713,1,0,0
C001061,N00026790,"Cleaver, Emanuel",2016,-5073988,-10003,,6,491012,1265000,0,0,0
K000393,N00026823,,2016,6209132,18064999,,94,6459132,18165000,0,0,0
R000578,N00026885,"Reichert, Dave",2016,-1203984,90998,,13,296016,841000,0,0,0
M001160,N00026914,"Moore, Gwen",2016,-50000,-15001,,0,0,0,0,0,0
M001166,N00026926,"McNerney, Jerry",2016,2004,780999,,4,502004,1031000,0,0,0
C001067,N00026961,"Clarke, Yvette D",2016,51002,115000,,2,51002,115000,0,0,0
B001251,N00027035,"Butterfield, G K",2016,-77974,2189992,,26,1122026,2705000,0,0,0
H001038,N00027060,"Higgins, Brian M",2016,-244995,-25001,,4,5005,75000,0,0,0
F000451,N00027229,"Fitzpatrick, Michael G",2016,0,0,,0,0,0,0,0,0
L000563,N00027239,"Lipinski, Daniel",2016,1750053,4649999,,52,2000053,4750000,0,0,0
C001071,N00027441,"Corker, Bob",2016,23108047,106827000,,36,23108047,106827000,30,21300030,93750000
M001163,N00027459,"Matsui, Doris",2016,703019,1746000,,19,703019,1746000,0,0,0
B001257,N00027462,"Bilirakis, Gus",2016,0,0,,0,0,0,0,0,0
B001259,N00027464,"Braley, Bruce",2016,,,,0,0,0,0,0,0
B001256,N00027493,"Bachmann, Michele",2016,,,,0,0,0,0,0,0
K000367,N00027500,"Klobuchar, Amy",2016,639027,1785000,,26,639027,1785000,0,0,0
C001070,N00027503,"Casey, Bob",2016,219015,686000,,12,219015,686000,6,20006,125000
P000593,N00027510,"Perlmutter, Ed",2016,121033,643000,,28,121033,643000,24,51024,137000
C001066,N00027514,"Castor, Kathy",2016,3231037,9741000,,34,3231037,9741000,0,0,0
H001041,N00027522,"Heller, Dean",2016,1211035,8817998,,36,3211035,9818000,0,0,0
S001165,N00027523,"Sires, Albio",2016,-268995,65998,,4,81005,216000,0,0,0
C001064,N00027565,"Campbell, John",2016,,,,0,0,0,0,0,0
M001169,N00027566,"Murphy, Christopher S",2016,-1497989,-425004,,4,102011,355000,8,8008,120000
S001172,N00027623,"Smith, Adrian",2016,-1079985,-15004,,15,170015,600000,0,0,0
B001260,N00027626,"Buchanan, Vernon",2016,0,0,,0,0,0,0,0,0
H001057,N00027649,"Huelskamp, Tim",2016,0,0,,0,0,0,0,0,0
G000555,N00027658,"Gillibrand, Kirsten",2016,280003,600000,,3,280003,600000,0,0,0
M001170,N00027694,"McCaskill, Claire",2016,51271456,72536037,,384,51271456,72536037,0,0,0
L000565,N00027741,"Loebsack, David",2016,175015,774999,,12,275015,825000,4,0,0
S001168,N00027751,"Sarbanes, John",2016,78010,464998,,10,178010,495000,0,0,0
N000190,N00027783,,2016,,,,0,0,0,0,0,0
J000288,N00027848,"Johnson, Hank",2016,0,0,,0,0,0,0,0,0
D000622,N00027860,,2016,96152,2872995,,58,446152,3018000,9,9009,135000
M001171,N00027891,,2016,,,,0,0,0,0,0,0
J000289,N00027894,"Jordan, Jim",2016,33007,365998,,4,133007,396000,0,0,0
S001170,N00028091,,2016,-248999,-85001,,1,1001,15000,0,0,0
L000564,N00028133,"Lamborn, Douglas L",2016,0,0,,0,0,0,0,0,0
H001042,N00028139,"Hirono, Mazie K",2016,657039,4316997,,40,2207039,5082000,12,68012,320000
M001165,N00028152,"McCarthy, Kevin",2016,-18994,314998,,4,181006,415000,0,0,0
E000290,N00028249,"Edwards, Donna",2016,0,0,,0,0,0,0,0,0
E000288,N00028257,"Ellison, Keith",2016,3006,48000,,2,3006,48000,0,0,0
G000556,N00028418,,2016,0,0,,0,0,0,0,0,0
R000582,N00028463,"Roe, Phil",2016,0,0,,0,0,0,0,0,0
C001076,N00028958,"Chaffetz, Jason",2016,55014,1049999,,11,555014,1300000,7,7,7000
B001262,N00028986,"Broun, Paul",2016,,,,0,0,0,0,0,0
F000457,N00029016,"Franken, Al",2016,4300069,10152999,,44,4400069,10203000,72,1357072,3680000
R000583,N00029018,"Rooney, Tom",2016,0,0,,0,0,0,0,0,0
H001047,N00029070,"Himes, Jim",2016,2867046,9782999,,43,3117046,9883000,0,0,0
J000290,N00029077,"Jenkins, Lynn",2016,792015,1929999,,15,892015,1980000,0,0,0
P000598,N00029127,"Polis, Jared",2016,162686457,453692001,,167,162686457,453692001,0,0,0
F000454,N00029139,,2016,9326034,34215000,,31,9326034,34215000,0,0,0
H001052,N00029147,"Harris, Andy",2016,570041,3850998,,38,1820041,4451000,0,0,0
P000596,N00029168,"Pierluisi, Pedro",2016,930004,1154998,,3,1080004,1200001,0,0,0
H001048,N00029258,"Hunter, Duncan D",2016,-50000,-15001,,0,0,0,0,0,0
K000368,N00029260,,2016,0,0,,0,0,0,0,0,0
P000595,N00029277,"Peters, Gary",2016,1757195,6721000,,185,1757195,6721000,13,97013,405000
O000168,N00029285,"Olson, Pete",2016,925041,2500000,,36,925041,2500000,0,0,0
M001176,N00029303,"Merkley, Jeff",2016,2836031,6166000,,25,2836031,6166000,0,0,0
P000594,N00029391,"Paulsen, Erik",2016,255032,951000,,20,255032,951000,18,1,1000
L000580,N00029400,,2016,-199996,584998,,4,350004,850000,0,0,0
R000584,N00029441,"Risch, James E",2016,15083054,71520997,,28,16183054,72071000,3,3003,45000
J000291,N00029444,"Johanns, Mike",2016,,,,0,0,0,0,0,0
C001072,N00029513,"Carson, Andre",2016,-576997,-240002,,3,3003,45000,0,0,0
L000570,N00029562,"Lujan, Ben Ray",2016,0,0,,0,0,0,0,0,0
H001049,N00029617,"Hagan, Kay R",2016,,,,0,0,0,0,0,0
H001045,N00029632,"Harper, Gregg",2016,-248997,349998,,3,301003,615000,0,0,0
S001175,N00029649,"Speier, Jackie",2016,3841060,10668998,,50,5091060,11269000,0,0,0
P000599,N00029662,"Posey, Bill",2016,232009,831999,,6,332009,882000,0,0,0
G000558,N00029675,"Guthrie, Brett",2016,1722027,4017998,,3,1872027,4083000,21,0,0
F000456,N00029679,"Fleming, John",2016,0,0,,0,0,0,0,0,0
L000571,N00029788,"Lummis, Cynthia",2016,0,0,,0,0,0,0,0,0
H001046,N00029835,"Heinrich, Martin",2016,156015,571000,,14,156015,571000,0,0,0
C001078,N00029891,"Connolly, Gerry",2016,920046,3729995,,43,1635046,4050000,0,0,0
B001265,N00029901,"Begich, Mark",2016,,,,0,0,0,0,0,0
G000573,N00029908,,2016,,,,0,0,0,0,0,0
L000569,N00030026,"Luetkemeyer, Blaine",2016,5501006,26115000,,1,5501006,26115000,0,0,0
R000588,N00030184,"Richmond, Cedric",2016,0,0,,0,0,0,0,0,0
H001051,N00030197,"Hanna, Richard",2016,0,0,,0,0,0,0,0,0
C001075,N00030245,"Cassidy, Bill",2016,-1643883,4589996,,74,2356117,6590000,108,388108,2170000
F000455,N00030490,"Fudge, Marcia L",2016,-193990,1039997,,10,556010,1340000,0,0,0
Q000023,N00030581,"Quigley, Mike",2016,-564999,-160003,,1,50001,100000,0,0,0
C001080,N00030600,"Chu, Judy",2016,1963051,4676000,,50,1963051,4676000,0,0,0
B001267,N00030608,"Bennet, Michael",2016,6862028,26321000,,26,6877028,26331000,36,416036,1390000
R000595,N00030612,"Rubio, Marco",2016,102011,355000,,8,102011,355000,0,0,0
L000586,N00030642,,2016,1515043,3961000,,33,1575043,4001000,0,0,0
R000593,N00030645,"Ross, Dennis",2016,-8899998,3854994,,2,1500002,6000000,0,0,0
K000378,N00030667,"Kinzinger, Adam",2016,-151992,529997,,8,248008,695000,0,0,0
H001058,N00030673,"Huizenga, Bill",2016,340020,1753999,,9,840020,2004000,9,51009,122000
L000576,N00030676,"Long, Billy",2016,1399045,4567998,,7,2149045,4918000,1,1,1000
D000617,N00030693,"DelBene, Suzan",2016,27179071,91110000,,61,27179071,91110000,0,0,0
D000623,N00030709,,2016,103004,295000,,4,103004,295000,0,0,0
B001287,N00030717,,2016,2017075,9381991,,72,4767075,10582000,0,0,0
C001083,N00030736,"Carney, John",2016,0,0,,0,0,0,0,0,0
P000602,N00030744,"Pompeo, Mike",2016,77021,456000,,21,77021,456000,0,0,0
D000615,N00030752,"Duncan, Jeff",2016,43015,1714995,,15,893015,2045000,0,0,0
R000591,N00030768,"Roby, Martha",2016,-71955,1938999,,36,943045,2449000,0,0,0
C001087,N00030770,"Crawford, Rick",2016,0,0,,0,0,0,0,0,0
G000565,N00030771,"Gosar, Paul",2016,0,0,,0,0,0,0,0,0
G000562,N00030780,"Gardner, Cory",2016,-290982,429996,,17,159018,610000,1,100001,250000
G000560,N00030788,"Graves, Tom",2016,331021,1039999,,16,431021,1090000,0,0,0
G000570,N00030801,"Guinta, Frank",2016,0,0,,0,0,0,0,0,0
F000459,N00030815,"Fleischmann, Chuck",2016,0,0,,0,0,0,0,0,0
B001297,N00030829,,2016,461011,1564999,,7,711011,1665000,3,3003,45000
P000603,N00030836,"Paul, Rand",2016,386038,1814999,,34,636038,1915000,33,61033,565000
G000559,N00030856,"Garamendi, John",2016,1108019,7709997,,18,2623019,8470000,5,101005,268000
K000382,N00030875,,2016,0,0,,0,0,0,0,0,0
G000566,N00030880,"Gowdy, Trey",2016,-164999,324997,,1,250001,500000,0,0,0
B001274,N00030910,"Brooks, Mo",2016,-59932,1649999,,61,440068,1900000,41,6041,125000
R000585,N00030949,"Reed, Tom",2016,-497995,279998,,5,252005,630000,0,0,0
D000616,N00030957,"Desjarlais, Scott",2016,-383988,259995,,9,166012,490000,0,0,0
R000589,N00030962,"Rigell, Scott",2016,0,0,,0,0,0,0,0,0
D000614,N00030967,"Duffy, Sean P",2016,-876988,106996,,11,273012,672000,4,200004,502000
R000587,N00030968,"Ribble, Reid",2016,0,0,,0,0,0,0,0,0
A000368,N00030980,"Ayotte, Kelly",2016,771015,1790000,,13,771015,1790000,0,0,0
H001053,N00031005,"Hartzler, Vicky",2016,2982029,15055994,,27,4832029,15906000,0,0,0
N000186,N00031006,"Nunnelee, Alan",2016,,,,0,0,0,0,0,0
O000169,N00031011,"Owens, Bill",2016,,,,0,0,0,0,0,0
C001106,N00031064,,2016,-80986,484999,,14,169014,585000,0,0,0
D000613,N00031103,"Dold, Bob",2016,0,0,,0,0,0,0,0,0
H001059,N00031104,"Hultgren, Randy",2016,-199999,-1,,1,50001,100000,0,0,0
R000586,N00031127,"Renacci, Jim",2016,34484549,94637000,,21,34484549,94637000,0,0,0
G000563,N00031128,"Gibbs, Bob",2016,1047065,3679998,,61,1397065,3830000,29,37029,225000
L000575,N00031129,"Lankford, James",2016,4062,1469999,,39,314062,1610000,23,23023,345000
M001181,N00031134,"Meehan, Patrick",2016,-444985,90999,,15,70015,351000,0,0,0
F000458,N00031141,"Fincher, Steve",2016,0,0,,0,0,0,0,0,0
A000369,N00031177,"Amodei, Mark",2016,-47995,379999,,5,202005,480000,0,0,0
B001275,N00031227,"Bucshon, Larry",2016,931341,1002338,,29,931341,1002338,0,0,0
B001282,N00031233,,2016,0,0,,0,0,0,0,0,0
H001055,N00031244,"Heck, Joe",2016,0,0,,0,0,0,0,0,0
R000598,N00031253,,2016,5601052,15041000,,50,5601052,15041000,0,0,0
H001060,N00031265,"Hurt, Robert",2016,0,0,,0,0,0,0,0,0
G000567,N00031297,"Griffin, Tim",2016,,,,0,0,0,0,0,0
D000610,N00031317,"Deutch, Ted",2016,-175955,1062999,,35,324045,1313000,0,0,0
L000573,N00031377,"Labrador, Raul",2016,-1567988,-555005,,5,12012,180000,0,0,0
G000569,N00031401,"Grimm, Michael",2016,,,,0,0,0,0,0,0
M001182,N00031412,"Mulvaney, Mick",2016,3104057,7235999,,48,3204057,7286000,0,0,0
H001073,N00031417,,2016,17017,255000,,11,17017,255000,0,0,0
E000291,N00031513,"Ellmers, Renee",2016,0,0,,0,0,0,0,0,0
B001273,N00031539,"Black, Diane",2016,37973098,130095007,,17,37973098,130095007,100,75826079,152150000
F000461,N00031545,"Flores, Bill",2016,5962671,16231655,,5,7827671,17141659,12,1130007,2350000
H001064,N00031557,,2016,3779062,9494998,,54,4329062,9760000,0,0,0
H001056,N00031559,"Beutler, Jaime Herrera",2016,0,0,,0,0,0,0,0,0
D000612,N00031593,"Denham, Jeff",2016,6515009,28899999,,8,7015009,29150000,5,50005,104000
K000376,N00031647,"Kelly, Mike",2016,10385150,29680000,,93,10385150,29680000,0,0,0
F000460,N00031672,"Farenthold, Blake",2016,2358354,8442306,,37,2408354,8457307,21,135021,387000
M001180,N00031681,"McKinley, David",2016,4161131,14024997,,118,4561131,14190000,0,0,0
B001277,N00031685,"Blumenthal, Richard",2016,70952229,103377044,,185,70952229,103377044,0,0,0
H001061,N00031688,"Hoeven, John",2016,17859125,74371000,,150,17859125,74371000,0,0,0
L000577,N00031696,"Lee, Mike",2016,274018,805000,,12,319018,835000,0,0,0
R000592,N00031741,"Rokita, Todd",2016,-49941,2035995,,59,765059,2426000,0,0,0
M001179,N00031777,"Marino, Tom",2016,0,0,,0,0,0,0,0,0
C001088,N00031820,"Coons, Chris",2016,5950056,11731003,,39,6050056,11781004,40,280040,1175000
B001270,N00031877,"Bass, Karen",2016,-434997,299998,,3,315003,650000,1,50001,100000
K000375,N00031933,"Keating, Bill",2016,0,0,,0,0,0,0,0,0
B001271,N00031934,"Benishek, Dan",2016,0,0,,0,0,0,0,0,0
A000367,N00031938,"Amash, Justin",2016,593025,6919997,,13,2093025,7620000,0,0,0
P000601,N00031958,"Palazzo, Steven",2016,-111993,1155996,,6,753007,1546000,0,0,0
R000594,N00031988,"Runyan, Jon",2016,,,,0,0,0,0,0,0
G000564,N00031998,"Gibson, Chris",2016,0,0,,0,0,0,0,0,0
C001084,N00032019,"Cicilline, David",2016,267005,1329999,,5,767005,1580000,0,0,0
N000184,N00032022,"Noem, Kristi",2016,0,0,,0,0,0,0,0,0
G000568,N00032029,"Griffith, Morgan",2016,-417993,419998,,6,347007,780000,0,0,0
J000292,N00032088,"Johnson, Bill",2016,-691970,546998,,19,308030,1047000,0,0,0
H001071,N00032243,,2016,-2995,164999,,5,47005,180000,1,1001,15000
N000185,N00032441,"Nugent, Richard",2016,0,0,,0,0,0,0,0,0
J000293,N00032546,"Johnson, Ron",2016,10351014,44865000,,13,10351014,44865000,0,0,0
M001183,N00032838,"Manchin, Joe",2016,3546072,8216000,,48,3546072,8216000,0,0,0
H001068,N00033030,,2016,-252951,2382998,,40,1247049,3133000,0,0,0
D000618,N00033054,,2016,7041035,26390000,,35,7041035,26390000,0,0,0
C001098,N00033085,,2016,2965074,9171994,,44,4195074,9752000,8,64008,260000
M001191,N00033091,,2016,0,0,,0,0,0,0,0,0
K000384,N00033177,,2016,789039,2112000,,37,789039,2112000,15,127015,505000
E000293,N00033217,,2016,0,0,,0,0,0,0,0,0
K000391,N00033240,,2016,,,,0,0,0,0,0,0
L000579,N00033274,,2016,590068,3126999,,62,1090068,3377000,0,0,0
G000571,N00033281,,2016,-897993,-216001,,7,102007,284000,0,0,0
C001091,N00033316,,2016,-112998,-30001,,2,2002,30000,0,0,0
C001095,N00033363,,2016,168027,753000,,28,168027,753000,0,0,0
C001097,N00033373,,2016,0,0,,0,0,0,0,0,0
B001286,N00033390,,2016,513029,1520000,,28,513029,1520000,0,0,0
K000380,N00033395,,2016,145006,434999,,6,195006,450000,0,0,0
H001065,N00033399,,2016,1276034,8434996,,33,2876034,9215000,0,0,0
M001190,N00033410,,2016,3152044,14507999,,28,4152044,15008000,0,0,0
F000463,N00033443,,2016,622012,5680999,,7,2122012,6431001,0,0,0
D000627,N00033449,,2016,-4531992,179998,,7,518008,1195000,0,0,0
B001278,N00033474,"Bonamici, Suzanne",2016,3122033,6680000,,33,3122033,6680000,0,0,0
B001284,N00033495,,2016,4889038,26344997,,35,5539038,26660000,0,0,0
N000187,N00033509,,2016,,,,0,0,0,0,0,0
R000599,N00033510,,2016,-414987,559997,,13,385013,925000,0,0,0
C001093,N00033518,,2016,502013,1255000,,13,502013,1255000,0,0,0
R000603,N00033527,,2016,-329969,530997,,30,235031,756000,0,0,0
K000390,N00033530,,2016,-13999,5000,,1,1001,15000,0,0,0
B001283,N00033532,,2016,-419997,84998,,3,130003,350000,0,0,0
O000170,N00033540,,2016,-1236972,19855996,,27,4413028,21171000,0,0,0
G000572,N00033541,,2016,,,,0,0,0,0,0,0
P000607,N00033549,,2016,-799998,49997,,2,300002,600000,0,0,0
P000608,N00033591,,2016,16898044,52484996,,42,17098044,52545000,0,0,0
B001280,N00033625,,2016,,,,0,0,0,0,0,0
H001067,N00033630,,2016,0,0,,0,0,0,0,0,0
M001187,N00033631,,2016,364013,1410999,,13,614013,1511000,8,218008,546000
H001066,N00033638,,2016,,,,0,0,0,0,0,0
J000294,N00033640,,2016,10017,1124999,,16,510017,1375000,0,0,0
A000372,N00033720,,2016,10843027,60769997,,27,12593027,61620000,0,0,0
B001294,N00033744,,2016,0,0,,0,0,0,0,0,0
H001069,N00033782,,2016,2588067,6322000,,58,2588067,6322000,7,35007,175000
M001195,N00033814,,2016,0,0,,0,0,0,0,0,0
R000597,N00033832,,2016,-9620979,20409996,,20,5629021,23510000,0,0,0
L000584,N00033842,,2016,-330986,384998,,14,169014,585000,0,0,0
D000620,N00033897,,2016,92656173,345858003,,25,94671173,346868005,0,0,0
B001281,N00033904,,2016,3543029,16520000,,27,3543029,16520000,0,0,0
B001279,N00033981,"Barber, Ron",2016,,,,0,0,0,0,0,0
M001197,N00033982,,2016,-251967,786998,,32,263033,997000,0,0,0
L000578,N00033987,,2016,1281008,5716000,,7,1281008,5716000,0,0,0
A000371,N00033997,,2016,-963992,-310002,,4,36008,190000,0,0,0
R000596,N00034017,,2016,,,,0,0,0,0,0,0
M001184,N00034041,"Massie, Thomas",2016,1754008,9961999,,7,2004008,10062000,0,0,0
K000379,N00034044,,2016,0,0,,0,0,0,0,0,0
L000581,N00034068,,2016,541019,1589999,,17,641019,1640000,0,0,0
P000605,N00034120,,2016,-187981,1069997,,19,527019,1430000,0,0,0
C001090,N00034128,,2016,2387035,9832999,,22,3387035,10333000,0,0,0
C001094,N00034224,,2016,0,0,,0,0,0,0,0,0
B001285,N00034254,,2016,234042,2887997,,32,1434042,3488000,45,239045,767000
M001185,N00034277,,2016,568006,1195000,,6,568006,1195000,3,315003,650000
P000606,N00034416,,2016,-8258964,3940997,,34,2741036,6441000,18,50444018,51060001
K000381,N00034453,,2016,-359955,896996,,43,240045,1127000,0,0,0
M001188,N00034547,,2016,882055,2762999,,45,1132055,2863000,0,0,0
E000297,N00034549,,2016,1001,15000,,1,1001,15000,0,0,0
K000383,N00034580,,2016,3946149,16286999,,131,3996149,16302000,19,306019,815000
P000611,N00034584,,2016,5051015,19315000,,15,5051015,19315000,0,0,0
P000604,N00034639,"Payne, Donald M Jr",2016,117005,331000,,5,117005,331000,0,0,0
D000621,N00034746,,2016,-46996,69999,,4,18004,95000,0,0,0
D000619,N00034784,,2016,24019,459999,,16,124019,510000,0,0,0
E000292,N00034884,,2016,,,,0,0,0,0,0,0
P000610,N00035000,,2016,-150000,-65002,,0,0,0,0,0,0
J000295,N00035007,,2016,-127917,4529996,,74,2072083,5630000,49,301049,893000
R000605,N00035187,,2016,-283930,18389999,,55,4716070,19390000,380,2770380,16650000
K000385,N00035215,,2016,55046,655000,,46,55046,655000,0,0,0
B001288,N00035267,,2016,650004,1350000,,3,650004,1350000,0,0,0
C001101,N00035278,,2016,0,0,,0,0,0,0,0,0
B001296,N00035307,,2016,0,0,,0,0,0,0,0,0
C001103,N00035346,,2016,13351059,57491000,,58,13351059,57491000,0,0,0
L000583,N00035347,,2016,17003,80000,,3,17003,80000,0,0,0
B001289,N00035380,,2016,388022,976000,,17,388022,976000,37,32011,137000
C001107,N00035403,,2016,652104,3170998,,97,952104,3286000,145,146145,555000
B001295,N00035420,,2016,-36991,494999,,9,213009,595000,0,0,0
M001196,N00035431,,2016,-82980,227998,,20,17020,258000,0,0,0
E000294,N00035440,,2016,0,0,,0,0,0,0,0,0
A000370,N00035451,,2016,265002,550000,,2,265002,550000,0,0,0
H001078,N00035477,,2016,,,,0,0,0,0,0,0
E000295,N00035483,,2016,221025,790000,,25,221025,790000,0,0,0
C001109,N00035504,,2016,,,,0,0,0,0,0,0
P000612,N00035516,,2016,23138261,86306998,,207,33138261,88307000,8,4200008,20400000
J000297,N00035531,,2016,0,0,,0,0,0,0,0,0
M001192,N00035593,,2016,,,,0,0,0,0,0,0
H001070,N00035628,,2016,0,0,,0,0,0,0,0,0
G000575,N00035688,,2016,0,0,,0,0,0,0,0,0
P000609,N00035691,,2016,605117,2853000,,66,605117,2853000,72,1072,86000
J000296,N00035717,,2016,0,0,,0,0,0,0,0,0
H001072,N00035792,,2016,3001068,10782998,,49,3366068,10943000,0,0,0
K000387,N00035820,,2016,124017,1569997,,13,674017,1785000,0,0,0
L000582,N00035825,,2016,1045040,5961999,,38,1295040,6062000,2,200002,500000
C001102,N00035854,,2016,0,0,,0,0,0,0,0,0
R000602,N00035927,,2016,-65994,109999,,6,34006,160000,0,0,0
K000386,N00035934,,2016,-46997,29999,,3,3003,45000,0,0,0
R000601,N00035972,,2016,2650007,11724998,,7,2815007,11800000,0,0,0
B001290,N00036013,,2016,0,0,,0,0,0,0,0,0
B001292,N00036018,,2016,18857049,227874986,,47,48207049,235005000,0,0,0
C001105,N00036023,,2016,456046,2115999,,46,706046,2216000,0,0,0
G000574,N00036097,,2016,-526990,-30002,,10,73010,270000,0,0,0
G000577,N00036135,,2016,-6975,491998,,24,93025,522000,0,0,0
D000624,N00036149,,2016,4398152,11336000,,129,4413152,11346000,0,0,0
N000188,N00036154,,2016,0,0,,0,0,0,0,0,0
M001193,N00036155,,2016,21953422,106971997,,276,32953422,109472000,0,0,0
R000604,N00036175,,2016,0,0,,0,0,0,0,0,0
M001201,N00036274,,2016,16319059,108284998,,52,26319059,110285000,0,0,0
M001194,N00036275,,2016,4045,688999,,44,104045,739000,17,17,17000
N000189,N00036403,,2016,0,0,,0,0,0,0,0,0
G000576,N00036409,,2016,600015,1525000,,15,600015,1525000,0,0,0
B001293,N00036449,,2016,0,0,,0,0,0,0,0,0
A000374,N00036633,,2016,4676051,19714999,,30,4926051,19815000,0,0,0
H001075,N00036915,,2016,2968226,14029990,,129,6268227,15995000,0,0,0
D000625,N00036928,,2016,365008,1735998,,8,915008,2001000,0,0,0
G000583,N00036944,,2016,2095380,14093998,,142,3360380,14704000,0,0,0
B001304,N00036999,,2016,-418996,-35001,,4,81004,215000,0,0,0
K000388,N00037003,,2016,-12994,564996,,6,267006,680000,0,0,0
C001112,N00037015,,2016,-612991,-110003,,8,37009,205000,0,0,0
B001300,N00037019,,2016,-45986,4755997,,14,1054014,5286000,0,0,0
L000585,N00037031,,2016,,,,0,0,0,0,0,0
M001198,N00037034,,2016,,,,0,0,0,0,0,0
R000606,N00037036,,2016,2415094,6275000,,20,2415094,6275000,0,0,0
B001298,N00037049,,2016,366013,974999,,11,416013,990000,0,0,0
C001113,N00037161,,2016,5243111,13469998,,49,6243111,13970000,0,0,0
B001299,N00037185,,2016,223037,924000,,21,223037,924000,0,0,0
C001110,N00037260,,2016,1751040,6216998,,37,3251040,6967000,0,0,0
M001199,N00037269,,2016,-415993,9999,,7,84007,260000,0,0,0
F000464,N00037288,,2016,-320983,354996,,13,129017,535000,0,0,0
D000628,N00037442,,2016,2921064,12304998,,46,4436064,13065000,0,0,0
O000171,N00037515,,2016,1636011,6440000,,11,1636011,6440000,0,0,0
G000582,N00037615,,2016,,,,0,0,0,0,0,0
C001108,N00038260,,2016,1770022,8299998,,22,2770022,8800000,7,15007,56000
A000375,N00038285,,2016,117017,1454998,,16,617017,1655000,0,0,0
H001076,N00038397,,2016,3450046,8775998,,19,4200046,9126000,0,0,0
L000587,N00038400,,2016,1655023,3884999,,23,1705023,3900000,0,0,0
B001303,N00038414,,2016,4551083,10575999,,64,4601083,10591000,0,0,0
H001074,N00038429,,2016,50063050,235345000,,2,50063050,235345000,0,0,0
E000296,N00038450,,2016,495016,1310999,,16,545016,1326000,0,0,0
P000613,N00038601,,2016,-1019974,-48002,,15,80026,502000,0,0,0
R000608,N00038734,,2016,5182183,16579999,,161,5282183,16630000,0,0,0
D000626,N00038767,,2016,-3319989,9952997,,11,2680011,11453000,1,100001,250000
F000466,N00038779,,2016,-664998,425997,,2,500002,1001000,0,0,0
G000581,N00038809,,2016,4354023,15150000,,12,4369023,15160000,0,0,0
G000580,N00038847,,2016,-499999,-30003,,1,100001,250000,0,0,0
J000298,N00038858,,2016,86031,1464999,,26,586031,1715000,0,0,0
F000465,N00039090,,2016,156012,1016998,,12,471012,1142000,0,0,0
J000299,N00039106,,2016,,,,0,0,0,0,0,0
B001302,N00039293,,2016,968009,10380996,,9,2518009,11096000,0,0,0
M001200,N00039327,,2016,,,,0,0,0,0,0,0
G000579,N00039330,,2016,,,,0,0,0,0,0,0
G000578,N00039503,,2016,36026,1024998,,20,336026,1140000,0,0,0
B001301,N00039533,,2016,,,,0,0,0,0,0,0
B001305,N00039551,,2016,,,,0,0,0,0,0,0
R000609,N00039777,,2016,666006,1415000,,6,666006,1415000,0,0,0
H001077,N00039953,,2016,,,,0,0,0,0,0,0
R000607,N00040007,,2016,22567770,97316000,,2,22567770,97316000,0,0,0
M001202,N00040133,,2016,1864045,5996997,,39,2914045,6512000,0,0,0
G000585,N00040597,,2016,,,,0,0,0,0,0,0
E000298,N00040712,,2016,,,,0,0,0,0,0,0
G000584,N00040733,,2016,292575639,806468130,,2,292575639,806468130,0,0,0
H001082,N00040829,,2016,,,,0,0,0,0,0,0
C001114,N00041221,,2016,,,,0,0,0,0,0,0
L000588,N00041870,,2016,,,,0,0,0,0,0,0
C001115,N00041882,,2016,,,,0,0,0,0,0,0
L000589,N00042056,,2016,,,,0,0,0,0,0,0
B001306,N00042194,,2016,,,,0,0,0,0,0,0
J000303,N00042648,,2016,,,,0,0,0,0,0,0
M001206,N00043207,,2016,,,,0,0,0,0,0,0
H001079,N00043298,,2016,,,,0,0,0,0,0,0
C001099,N99999896,,2016,,,,0,0,0,0,0,0
C001100,N99999999,,2016,,,,0,0,0,0,0,0
